rgb,abs_rel,d1,rmse
2011_09_26/2011_09_26_drive_0002_sync/image_02/data/0000000069.png,0.056739,0.991714,1.872775
2011_09_26/2011_09_26_drive_0002_sync/image_02/data/0000000054.png,0.082119,0.975800,2.273216
2011_09_26/2011_09_26_drive_0002_sync/image_02/data/0000000042.png,0.080008,0.968882,2.040196
2011_09_26/2011_09_26_drive_0002_sync/image_02/data/0000000057.png,0.059614,0.984059,2.204269
2011_09_26/2011_09_26_drive_0002_sync/image_02/data/0000000030.png,0.066416,0.986357,1.939301
2011_09_26/2011_09_26_drive_0002_sync/image_02/data/0000000027.png,0.065710,0.978589,2.174222
2011_09_26/2011_09_26_drive_0002_sync/image_02/data/0000000012.png,0.076061,0.985956,2.307078
2011_09_26/2011_09_26_drive_0002_sync/image_02/data/0000000036.png,0.062801,0.989096,2.392323
2011_09_26/2011_09_26_drive_0002_sync/image_02/data/0000000033.png,0.078851,0.984071,2.324480
2011_09_26/2011_09_26_drive_0002_sync/image_02/data/0000000015.png,0.078885,0.984900,2.425017
2011_09_26/2011_09_26_drive_0002_sync/image_02/data/0000000039.png,0.097512,0.950826,2.442392
2011_09_26/2011_09_26_drive_0002_sync/image_02/data/0000000009.png,0.076965,0.989131,2.178996
2011_09_26/2011_09_26_drive_0002_sync/image_02/data/0000000051.png,0.093448,0.954093,2.641004
2011_09_26/2011_09_26_drive_0002_sync/image_02/data/0000000060.png,0.073930,0.962351,1.942754
2011_09_26/2011_09_26_drive_0002_sync/image_02/data/0000000021.png,0.079778,0.977183,2.724102
2011_09_26/2011_09_26_drive_0002_sync/image_02/data/0000000024.png,0.100207,0.972361,2.698947
2011_09_26/2011_09_26_drive_0002_sync/image_02/data/0000000045.png,0.090339,0.962064,2.431256
2011_09_26/2011_09_26_drive_0002_sync/image_02/data/0000000018.png,0.090120,0.974050,2.307050
2011_09_26/2011_09_26_drive_0002_sync/image_02/data/0000000048.png,0.089944,0.959317,2.647499
2011_09_26/2011_09_26_drive_0002_sync/image_02/data/0000000006.png,0.082504,0.992145,2.236558
2011_09_26/2011_09_26_drive_0002_sync/image_02/data/0000000063.png,0.074766,0.973669,1.843694
2011_09_26/2011_09_26_drive_0009_sync/image_02/data/0000000016.png,0.095029,0.964677,3.438457
2011_09_26/2011_09_26_drive_0009_sync/image_02/data/0000000032.png,0.061889,0.979459,2.750405
2011_09_26/2011_09_26_drive_0009_sync/image_02/data/0000000048.png,0.103241,0.928903,4.374785
2011_09_26/2011_09_26_drive_0009_sync/image_02/data/0000000064.png,0.078069,0.942868,3.470503
2011_09_26/2011_09_26_drive_0009_sync/image_02/data/0000000080.png,0.099427,0.949464,2.975002
2011_09_26/2011_09_26_drive_0009_sync/image_02/data/0000000096.png,0.098609,0.935173,3.892846
2011_09_26/2011_09_26_drive_0009_sync/image_02/data/0000000112.png,0.093117,0.947630,4.110551
2011_09_26/2011_09_26_drive_0009_sync/image_02/data/0000000128.png,0.094943,0.963196,4.573609
2011_09_26/2011_09_26_drive_0009_sync/image_02/data/0000000144.png,0.076448,0.944936,3.906327
2011_09_26/2011_09_26_drive_0009_sync/image_02/data/0000000160.png,0.100023,0.951143,3.227092
2011_09_26/2011_09_26_drive_0009_sync/image_02/data/0000000176.png,0.120990,0.916767,2.558389
2011_09_26/2011_09_26_drive_0009_sync/image_02/data/0000000196.png,0.110086,0.969105,2.563087
2011_09_26/2011_09_26_drive_0009_sync/image_02/data/0000000212.png,0.068140,0.989310,1.677157
2011_09_26/2011_09_26_drive_0009_sync/image_02/data/0000000228.png,0.057032,0.986565,2.650716
2011_09_26/2011_09_26_drive_0009_sync/image_02/data/0000000244.png,0.079724,0.964717,3.594079
2011_09_26/2011_09_26_drive_0009_sync/image_02/data/0000000260.png,0.068331,0.938673,3.740181
2011_09_26/2011_09_26_drive_0009_sync/image_02/data/0000000276.png,0.089029,0.975596,2.339907
2011_09_26/2011_09_26_drive_0009_sync/image_02/data/0000000292.png,0.071767,0.977012,3.345365
2011_09_26/2011_09_26_drive_0009_sync/image_02/data/0000000308.png,0.049341,0.973749,2.599743
2011_09_26/2011_09_26_drive_0009_sync/image_02/data/0000000324.png,0.047712,0.983544,2.589867
2011_09_26/2011_09_26_drive_0009_sync/image_02/data/0000000340.png,0.054426,0.950502,3.422781
2011_09_26/2011_09_26_drive_0009_sync/image_02/data/0000000356.png,0.103205,0.925704,4.179436
2011_09_26/2011_09_26_drive_0009_sync/image_02/data/0000000372.png,0.067961,0.977949,3.020417
2011_09_26/2011_09_26_drive_0009_sync/image_02/data/0000000388.png,0.073313,0.976803,2.872212
2011_09_26/2011_09_26_drive_0013_sync/image_02/data/0000000090.png,0.107332,0.930605,3.378933
2011_09_26/2011_09_26_drive_0013_sync/image_02/data/0000000050.png,0.072944,0.932633,3.605780
2011_09_26/2011_09_26_drive_0013_sync/image_02/data/0000000110.png,0.085472,0.972759,2.797335
2011_09_26/2011_09_26_drive_0013_sync/image_02/data/0000000115.png,0.121243,0.951937,3.077464
2011_09_26/2011_09_26_drive_0013_sync/image_02/data/0000000060.png,0.084258,0.950089,3.587013
2011_09_26/2011_09_26_drive_0013_sync/image_02/data/0000000105.png,0.113249,0.942266,2.987854
2011_09_26/2011_09_26_drive_0013_sync/image_02/data/0000000125.png,0.072959,0.951765,4.139777
2011_09_26/2011_09_26_drive_0013_sync/image_02/data/0000000020.png,0.069224,0.946769,3.637843
2011_09_26/2011_09_26_drive_0013_sync/image_02/data/0000000085.png,0.082559,0.986651,2.120490
2011_09_26/2011_09_26_drive_0013_sync/image_02/data/0000000070.png,0.096961,0.920020,3.618529
2011_09_26/2011_09_26_drive_0013_sync/image_02/data/0000000080.png,0.102708,0.958867,3.146141
2011_09_26/2011_09_26_drive_0013_sync/image_02/data/0000000065.png,0.078092,0.954296,3.567995
2011_09_26/2011_09_26_drive_0013_sync/image_02/data/0000000095.png,0.100855,0.932375,3.311440
2011_09_26/2011_09_26_drive_0013_sync/image_02/data/0000000130.png,0.069267,0.954575,2.958059
2011_09_26/2011_09_26_drive_0013_sync/image_02/data/0000000100.png,0.067061,0.963070,2.301724
2011_09_26/2011_09_26_drive_0013_sync/image_02/data/0000000010.png,0.087573,0.908516,4.473460
2011_09_26/2011_09_26_drive_0013_sync/image_02/data/0000000030.png,0.074123,0.952604,4.497459
2011_09_26/2011_09_26_drive_0013_sync/image_02/data/0000000135.png,0.079758,0.977024,3.064293
2011_09_26/2011_09_26_drive_0013_sync/image_02/data/0000000040.png,0.083585,0.906823,4.877134
2011_09_26/2011_09_26_drive_0013_sync/image_02/data/0000000005.png,0.086208,0.932294,4.058793
2011_09_26/2011_09_26_drive_0013_sync/image_02/data/0000000120.png,0.087449,0.963704,3.674922
2011_09_26/2011_09_26_drive_0013_sync/image_02/data/0000000045.png,0.103479,0.893558,5.452805
2011_09_26/2011_09_26_drive_0013_sync/image_02/data/0000000035.png,0.084008,0.901788,5.149984
2011_09_26/2011_09_26_drive_0020_sync/image_02/data/0000000069.png,0.076659,0.974672,2.683706
2011_09_26/2011_09_26_drive_0020_sync/image_02/data/0000000057.png,0.056640,0.971837,2.717441
2011_09_26/2011_09_26_drive_0020_sync/image_02/data/0000000012.png,0.090140,0.949294,3.324512
2011_09_26/2011_09_26_drive_0020_sync/image_02/data/0000000072.png,0.077401,0.961863,3.062730
2011_09_26/2011_09_26_drive_0020_sync/image_02/data/0000000018.png,0.089683,0.930883,4.222418
2011_09_26/2011_09_26_drive_0020_sync/image_02/data/0000000063.png,0.068405,0.969793,2.659306
2011_09_26/2011_09_26_drive_0020_sync/image_02/data/0000000015.png,0.085255,0.950578,3.727164
2011_09_26/2011_09_26_drive_0020_sync/image_02/data/0000000066.png,0.076692,0.976097,2.673845
2011_09_26/2011_09_26_drive_0020_sync/image_02/data/0000000006.png,0.096940,0.915570,3.587954
2011_09_26/2011_09_26_drive_0020_sync/image_02/data/0000000048.png,0.065474,0.970150,2.952659
2011_09_26/2011_09_26_drive_0020_sync/image_02/data/0000000060.png,0.069370,0.969690,2.927054
2011_09_26/2011_09_26_drive_0020_sync/image_02/data/0000000009.png,0.079479,0.948801,2.895620
2011_09_26/2011_09_26_drive_0020_sync/image_02/data/0000000033.png,0.069788,0.966603,3.104047
2011_09_26/2011_09_26_drive_0020_sync/image_02/data/0000000021.png,0.093353,0.920381,4.065331
2011_09_26/2011_09_26_drive_0020_sync/image_02/data/0000000075.png,0.080125,0.960763,2.664823
2011_09_26/2011_09_26_drive_0020_sync/image_02/data/0000000027.png,0.102178,0.938135,3.828135
2011_09_26/2011_09_26_drive_0020_sync/image_02/data/0000000045.png,0.083942,0.972613,2.924869
2011_09_26/2011_09_26_drive_0020_sync/image_02/data/0000000078.png,0.088174,0.965052,2.762021
2011_09_26/2011_09_26_drive_0020_sync/image_02/data/0000000036.png,0.068567,0.970381,3.113896
2011_09_26/2011_09_26_drive_0020_sync/image_02/data/0000000051.png,0.055668,0.962485,3.004917
2011_09_26/2011_09_26_drive_0020_sync/image_02/data/0000000054.png,0.057471,0.966571,3.021042
2011_09_26/2011_09_26_drive_0020_sync/image_02/data/0000000042.png,0.079687,0.972906,2.706361
2011_09_26/2011_09_26_drive_0023_sync/image_02/data/0000000018.png,0.110227,0.991121,1.909373
2011_09_26/2011_09_26_drive_0023_sync/image_02/data/0000000090.png,0.181602,0.707787,4.924524
2011_09_26/2011_09_26_drive_0023_sync/image_02/data/0000000126.png,0.144261,0.909534,4.527336
2011_09_26/2011_09_26_drive_0023_sync/image_02/data/0000000378.png,0.093586,0.951292,3.479910
2011_09_26/2011_09_26_drive_0023_sync/image_02/data/0000000036.png,0.145037,0.822929,5.333729
2011_09_26/2011_09_26_drive_0023_sync/image_02/data/0000000288.png,0.095626,0.922107,4.823828
2011_09_26/2011_09_26_drive_0023_sync/image_02/data/0000000198.png,0.100892,0.945095,3.474202
2011_09_26/2011_09_26_drive_0023_sync/image_02/data/0000000450.png,0.075461,0.957404,3.887105
2011_09_26/2011_09_26_drive_0023_sync/image_02/data/0000000144.png,0.097683,0.945887,3.820827
2011_09_26/2011_09_26_drive_0023_sync/image_02/data/0000000072.png,0.117227,0.939689,3.757234
2011_09_26/2011_09_26_drive_0023_sync/image_02/data/0000000252.png,0.086992,0.938093,3.765454
2011_09_26/2011_09_26_drive_0023_sync/image_02/data/0000000180.png,0.088936,0.940570,3.167597
2011_09_26/2011_09_26_drive_0023_sync/image_02/data/0000000432.png,0.087260,0.886439,4.290372
2011_09_26/2011_09_26_drive_0023_sync/image_02/data/0000000396.png,0.099948,0.901286,4.595217
2011_09_26/2011_09_26_drive_0023_sync/image_02/data/0000000054.png,0.170853,0.659037,4.149200
2011_09_26/2011_09_26_drive_0023_sync/image_02/data/0000000468.png,0.063536,0.947755,4.023671
2011_09_26/2011_09_26_drive_0023_sync/image_02/data/0000000306.png,0.112294,0.884830,4.795830
2011_09_26/2011_09_26_drive_0023_sync/image_02/data/0000000108.png,0.133387,0.925987,3.079799
2011_09_26/2011_09_26_drive_0023_sync/image_02/data/0000000162.png,0.080644,0.932158,4.643173
2011_09_26/2011_09_26_drive_0023_sync/image_02/data/0000000342.png,0.135799,0.918885,4.104929
2011_09_26/2011_09_26_drive_0023_sync/image_02/data/0000000270.png,0.092994,0.932465,3.817043
2011_09_26/2011_09_26_drive_0023_sync/image_02/data/0000000414.png,0.097633,0.951583,3.779504
2011_09_26/2011_09_26_drive_0023_sync/image_02/data/0000000216.png,0.100964,0.910113,4.734942
2011_09_26/2011_09_26_drive_0023_sync/image_02/data/0000000360.png,0.083243,0.969854,2.832398
2011_09_26/2011_09_26_drive_0023_sync/image_02/data/0000000324.png,0.121894,0.959663,3.494814
2011_09_26/2011_09_26_drive_0027_sync/image_02/data/0000000077.png,0.216622,0.542544,9.100104
2011_09_26/2011_09_26_drive_0027_sync/image_02/data/0000000035.png,0.183035,0.593031,6.796903
2011_09_26/2011_09_26_drive_0027_sync/image_02/data/0000000091.png,0.172638,0.620049,8.009241
2011_09_26/2011_09_26_drive_0027_sync/image_02/data/0000000112.png,0.129354,0.761934,6.766206
2011_09_26/2011_09_26_drive_0027_sync/image_02/data/0000000007.png,0.148215,0.671216,6.969129
2011_09_26/2011_09_26_drive_0027_sync/image_02/data/0000000175.png,0.154932,0.667067,7.714598
2011_09_26/2011_09_26_drive_0027_sync/image_02/data/0000000042.png,0.161177,0.680753,6.854163
2011_09_26/2011_09_26_drive_0027_sync/image_02/data/0000000098.png,0.190213,0.531478,7.082287
2011_09_26/2011_09_26_drive_0027_sync/image_02/data/0000000133.png,0.243655,0.395816,10.072183
2011_09_26/2011_09_26_drive_0027_sync/image_02/data/0000000161.png,0.168276,0.658130,6.782154
2011_09_26/2011_09_26_drive_0027_sync/image_02/data/0000000014.png,0.199213,0.572209,7.039877
2011_09_26/2011_09_26_drive_0027_sync/image_02/data/0000000126.png,0.158065,0.708516,7.347222
2011_09_26/2011_09_26_drive_0027_sync/image_02/data/0000000168.png,0.169732,0.618078,7.571708
2011_09_26/2011_09_26_drive_0027_sync/image_02/data/0000000070.png,0.179755,0.656530,7.386253
2011_09_26/2011_09_26_drive_0027_sync/image_02/data/0000000084.png,0.210848,0.567848,9.501623
2011_09_26/2011_09_26_drive_0027_sync/image_02/data/0000000140.png,0.175920,0.621447,7.631342
2011_09_26/2011_09_26_drive_0027_sync/image_02/data/0000000049.png,0.114242,0.798203,4.793289
2011_09_26/2011_09_26_drive_0027_sync/image_02/data/0000000182.png,0.169359,0.627299,8.366619
2011_09_26/2011_09_26_drive_0027_sync/image_02/data/0000000147.png,0.147882,0.709482,6.459538
2011_09_26/2011_09_26_drive_0027_sync/image_02/data/0000000056.png,0.106297,0.820146,4.376358
2011_09_26/2011_09_26_drive_0027_sync/image_02/data/0000000063.png,0.158596,0.726136,5.524545
2011_09_26/2011_09_26_drive_0027_sync/image_02/data/0000000021.png,0.184379,0.624054,6.481758
2011_09_26/2011_09_26_drive_0027_sync/image_02/data/0000000119.png,0.165393,0.670296,7.941386
2011_09_26/2011_09_26_drive_0027_sync/image_02/data/0000000028.png,0.190718,0.595382,6.554134
2011_09_26/2011_09_26_drive_0029_sync/image_02/data/0000000380.png,0.109256,0.786981,3.813859
2011_09_26/2011_09_26_drive_0029_sync/image_02/data/0000000394.png,0.136924,0.693325,5.178454
2011_09_26/2011_09_26_drive_0029_sync/image_02/data/0000000324.png,0.101407,0.971232,3.085479
2011_09_26/2011_09_26_drive_0029_sync/image_02/data/0000000268.png,0.130600,0.956950,4.053197
2011_09_26/2011_09_26_drive_0029_sync/image_02/data/0000000366.png,0.086122,0.979683,2.543064
2011_09_26/2011_09_26_drive_0029_sync/image_02/data/0000000296.png,0.131779,0.926655,3.567203
2011_09_26/2011_09_26_drive_0029_sync/image_02/data/0000000014.png,0.080041,0.848179,4.000587
2011_09_26/2011_09_26_drive_0029_sync/image_02/data/0000000028.png,0.103703,0.896317,5.729864
2011_09_26/2011_09_26_drive_0029_sync/image_02/data/0000000182.png,0.124433,0.962869,3.575350
2011_09_26/2011_09_26_drive_0029_sync/image_02/data/0000000168.png,0.109806,0.953572,3.351126
2011_09_26/2011_09_26_drive_0029_sync/image_02/data/0000000196.png,0.128980,0.960301,3.053826
2011_09_26/2011_09_26_drive_0029_sync/image_02/data/0000000140.png,0.116283,0.870239,3.744814
2011_09_26/2011_09_26_drive_0029_sync/image_02/data/0000000084.png,0.092963,0.962304,2.948819
2011_09_26/2011_09_26_drive_0029_sync/image_02/data/0000000056.png,0.113062,0.940342,5.935065
2011_09_26/2011_09_26_drive_0029_sync/image_02/data/0000000112.png,0.076466,0.935120,3.951357
2011_09_26/2011_09_26_drive_0029_sync/image_02/data/0000000352.png,0.149258,0.760042,4.258674
2011_09_26/2011_09_26_drive_0029_sync/image_02/data/0000000126.png,0.098218,0.954359,3.527215
2011_09_26/2011_09_26_drive_0029_sync/image_02/data/0000000070.png,0.132201,0.901226,6.539516
2011_09_26/2011_09_26_drive_0029_sync/image_02/data/0000000310.png,0.099011,0.984917,1.826325
2011_09_26/2011_09_26_drive_0029_sync/image_02/data/0000000154.png,0.114466,0.909360,3.331472
2011_09_26/2011_09_26_drive_0029_sync/image_02/data/0000000098.png,0.080957,0.923698,2.998357
2011_09_26/2011_09_26_drive_0029_sync/image_02/data/0000000408.png,0.160938,0.696488,5.376421
2011_09_26/2011_09_26_drive_0029_sync/image_02/data/0000000042.png,0.094796,0.958337,4.279732
2011_09_26/2011_09_26_drive_0029_sync/image_02/data/0000000338.png,0.145931,0.695816,4.456306
2011_09_26/2011_09_26_drive_0036_sync/image_02/data/0000000128.png,0.059495,0.984692,2.999978
2011_09_26/2011_09_26_drive_0036_sync/image_02/data/0000000192.png,0.069237,0.946736,4.702588
2011_09_26/2011_09_26_drive_0036_sync/image_02/data/0000000032.png,0.089983,0.975256,2.735296
2011_09_26/2011_09_26_drive_0036_sync/image_02/data/0000000352.png,0.079653,0.948837,3.773223
2011_09_26/2011_09_26_drive_0036_sync/image_02/data/0000000608.png,0.080079,0.946379,3.740036
2011_09_26/2011_09_26_drive_0036_sync/image_02/data/0000000224.png,0.038081,0.978724,2.392578
2011_09_26/2011_09_26_drive_0036_sync/image_02/data/0000000576.png,0.107319,0.905522,4.355367
2011_09_26/2011_09_26_drive_0036_sync/image_02/data/0000000672.png,0.083974,0.858503,4.051757
2011_09_26/2011_09_26_drive_0036_sync/image_02/data/0000000064.png,0.086188,0.984653,2.112103
2011_09_26/2011_09_26_drive_0036_sync/image_02/data/0000000448.png,0.120877,0.865792,6.283706
2011_09_26/2011_09_26_drive_0036_sync/image_02/data/0000000704.png,0.079906,0.932430,2.973207
2011_09_26/2011_09_26_drive_0036_sync/image_02/data/0000000640.png,0.055729,0.986331,2.345922
2011_09_26/2011_09_26_drive_0036_sync/image_02/data/0000000512.png,0.062633,0.974612,3.322823
2011_09_26/2011_09_26_drive_0036_sync/image_02/data/0000000768.png,0.070165,0.912883,3.519503
2011_09_26/2011_09_26_drive_0036_sync/image_02/data/0000000160.png,0.057313,0.982834,2.854721
2011_09_26/2011_09_26_drive_0036_sync/image_02/data/0000000416.png,0.105323,0.919067,7.922650
2011_09_26/2011_09_26_drive_0036_sync/image_02/data/0000000480.png,0.074027,0.932492,3.833594
2011_09_26/2011_09_26_drive_0036_sync/image_02/data/0000000288.png,0.119117,0.833871,6.375115
2011_09_26/2011_09_26_drive_0036_sync/image_02/data/0000000544.png,0.078331,0.914023,4.144638
2011_09_26/2011_09_26_drive_0036_sync/image_02/data/0000000096.png,0.100662,0.953964,4.287686
2011_09_26/2011_09_26_drive_0036_sync/image_02/data/0000000384.png,0.123538,0.836867,9.111942
2011_09_26/2011_09_26_drive_0036_sync/image_02/data/0000000256.png,0.061932,0.942718,2.628555
2011_09_26/2011_09_26_drive_0036_sync/image_02/data/0000000320.png,0.088634,0.959434,2.330188
2011_09_26/2011_09_26_drive_0046_sync/image_02/data/0000000005.png,0.046136,0.974121,2.611696
2011_09_26/2011_09_26_drive_0046_sync/image_02/data/0000000010.png,0.048493,0.965000,2.973804
2011_09_26/2011_09_26_drive_0046_sync/image_02/data/0000000015.png,0.049936,0.980581,3.035662
2011_09_26/2011_09_26_drive_0046_sync/image_02/data/0000000020.png,0.055085,0.983503,2.962369
2011_09_26/2011_09_26_drive_0046_sync/image_02/data/0000000025.png,0.043475,0.990836,2.131249
2011_09_26/2011_09_26_drive_0046_sync/image_02/data/0000000030.png,0.058045,0.984936,2.647582
2011_09_26/2011_09_26_drive_0046_sync/image_02/data/0000000035.png,0.086948,0.994645,2.322180
2011_09_26/2011_09_26_drive_0046_sync/image_02/data/0000000040.png,0.091949,0.994930,2.082227
2011_09_26/2011_09_26_drive_0046_sync/image_02/data/0000000045.png,0.087564,0.997133,1.835507
2011_09_26/2011_09_26_drive_0046_sync/image_02/data/0000000050.png,0.066994,0.998447,1.522545
2011_09_26/2011_09_26_drive_0046_sync/image_02/data/0000000055.png,0.040343,0.997847,1.253948
2011_09_26/2011_09_26_drive_0046_sync/image_02/data/0000000060.png,0.049250,0.996343,1.225870
2011_09_26/2011_09_26_drive_0046_sync/image_02/data/0000000065.png,0.041680,0.996287,1.379407
2011_09_26/2011_09_26_drive_0046_sync/image_02/data/0000000070.png,0.053500,0.996866,1.493457
2011_09_26/2011_09_26_drive_0046_sync/image_02/data/0000000075.png,0.070536,0.998722,1.475427
2011_09_26/2011_09_26_drive_0046_sync/image_02/data/0000000080.png,0.064931,0.999016,1.236853
2011_09_26/2011_09_26_drive_0046_sync/image_02/data/0000000085.png,0.058668,0.998998,1.124849
2011_09_26/2011_09_26_drive_0046_sync/image_02/data/0000000090.png,0.062106,0.998292,1.317504
2011_09_26/2011_09_26_drive_0046_sync/image_02/data/0000000095.png,0.079550,0.997461,1.736774
2011_09_26/2011_09_26_drive_0046_sync/image_02/data/0000000100.png,0.087023,0.994094,1.761494
2011_09_26/2011_09_26_drive_0046_sync/image_02/data/0000000105.png,0.102029,0.973956,1.884186
2011_09_26/2011_09_26_drive_0046_sync/image_02/data/0000000110.png,0.071072,0.994047,1.765950
2011_09_26/2011_09_26_drive_0046_sync/image_02/data/0000000115.png,0.061758,0.990214,1.826491
2011_09_26/2011_09_26_drive_0048_sync/image_02/data/0000000005.png,0.087079,0.985244,2.884133
2011_09_26/2011_09_26_drive_0048_sync/image_02/data/0000000006.png,0.074186,0.989460,2.897242
2011_09_26/2011_09_26_drive_0048_sync/image_02/data/0000000007.png,0.052428,0.986546,2.578939
2011_09_26/2011_09_26_drive_0048_sync/image_02/data/0000000008.png,0.039579,0.992357,2.228182
2011_09_26/2011_09_26_drive_0048_sync/image_02/data/0000000009.png,0.052330,0.987990,2.415643
2011_09_26/2011_09_26_drive_0048_sync/image_02/data/0000000010.png,0.050052,0.986940,2.460251
2011_09_26/2011_09_26_drive_0048_sync/image_02/data/0000000011.png,0.065898,0.986252,2.764233
2011_09_26/2011_09_26_drive_0048_sync/image_02/data/0000000012.png,0.057385,0.990454,2.573281
2011_09_26/2011_09_26_drive_0048_sync/image_02/data/0000000013.png,0.063849,0.986876,2.657496
2011_09_26/2011_09_26_drive_0048_sync/image_02/data/0000000014.png,0.045642,0.988701,2.611498
2011_09_26/2011_09_26_drive_0048_sync/image_02/data/0000000015.png,0.051731,0.986606,2.729115
2011_09_26/2011_09_26_drive_0048_sync/image_02/data/0000000016.png,0.053731,0.985925,2.899083
2011_09_26/2011_09_26_drive_0052_sync/image_02/data/0000000046.png,0.058969,0.944202,2.896887
2011_09_26/2011_09_26_drive_0052_sync/image_02/data/0000000014.png,0.074802,0.949318,1.722051
2011_09_26/2011_09_26_drive_0052_sync/image_02/data/0000000036.png,0.056483,0.962355,2.454592
2011_09_26/2011_09_26_drive_0052_sync/image_02/data/0000000028.png,0.054285,0.974585,1.829315
2011_09_26/2011_09_26_drive_0052_sync/image_02/data/0000000026.png,0.046966,0.988571,1.334318
2011_09_26/2011_09_26_drive_0052_sync/image_02/data/0000000050.png,0.069989,0.927943,3.717887
2011_09_26/2011_09_26_drive_0052_sync/image_02/data/0000000040.png,0.046307,0.960336,2.266932
2011_09_26/2011_09_26_drive_0052_sync/image_02/data/0000000008.png,0.057795,0.977895,1.922591
2011_09_26/2011_09_26_drive_0052_sync/image_02/data/0000000016.png,0.069343,0.964153,1.886574
2011_09_26/2011_09_26_drive_0052_sync/image_02/data/0000000044.png,0.058793,0.938374,2.713584
2011_09_26/2011_09_26_drive_0052_sync/image_02/data/0000000018.png,0.066351,0.946884,1.855639
2011_09_26/2011_09_26_drive_0052_sync/image_02/data/0000000032.png,0.053193,0.977860,2.271387
2011_09_26/2011_09_26_drive_0052_sync/image_02/data/0000000042.png,0.053683,0.953357,2.459249
2011_09_26/2011_09_26_drive_0052_sync/image_02/data/0000000010.png,0.068271,0.963457,1.799365
2011_09_26/2011_09_26_drive_0052_sync/image_02/data/0000000020.png,0.060994,0.976437,1.836106
2011_09_26/2011_09_26_drive_0052_sync/image_02/data/0000000048.png,0.065205,0.919655,4.078388
2011_09_26/2011_09_26_drive_0052_sync/image_02/data/0000000052.png,0.070674,0.930218,3.773985
2011_09_26/2011_09_26_drive_0052_sync/image_02/data/0000000006.png,0.053468,0.984166,1.860401
2011_09_26/2011_09_26_drive_0052_sync/image_02/data/0000000030.png,0.053176,0.976175,2.044593
2011_09_26/2011_09_26_drive_0052_sync/image_02/data/0000000012.png,0.062829,0.973593,1.835541
2011_09_26/2011_09_26_drive_0052_sync/image_02/data/0000000038.png,0.046994,0.956398,2.470179
2011_09_26/2011_09_26_drive_0052_sync/image_02/data/0000000022.png,0.066565,0.969101,1.786487
2011_09_26/2011_09_26_drive_0056_sync/image_02/data/0000000011.png,0.073825,0.958029,3.452294
2011_09_26/2011_09_26_drive_0056_sync/image_02/data/0000000033.png,0.090486,0.921978,3.702169
2011_09_26/2011_09_26_drive_0056_sync/image_02/data/0000000242.png,0.074320,0.974715,2.539179
2011_09_26/2011_09_26_drive_0056_sync/image_02/data/0000000253.png,0.078990,0.982052,2.868583
2011_09_26/2011_09_26_drive_0056_sync/image_02/data/0000000286.png,0.077766,0.979647,2.344511
2011_09_26/2011_09_26_drive_0056_sync/image_02/data/0000000154.png,0.083978,0.960847,3.619381
2011_09_26/2011_09_26_drive_0056_sync/image_02/data/0000000099.png,0.095317,0.869336,3.909979
2011_09_26/2011_09_26_drive_0056_sync/image_02/data/0000000220.png,0.088389,0.966523,2.805712
2011_09_26/2011_09_26_drive_0056_sync/image_02/data/0000000022.png,0.089693,0.956119,4.080694
2011_09_26/2011_09_26_drive_0056_sync/image_02/data/0000000077.png,0.080995,0.909746,3.974348
2011_09_26/2011_09_26_drive_0056_sync/image_02/data/0000000187.png,0.081632,0.940183,2.761261
2011_09_26/2011_09_26_drive_0056_sync/image_02/data/0000000143.png,0.087081,0.944392,3.729136
2011_09_26/2011_09_26_drive_0056_sync/image_02/data/0000000066.png,0.098041,0.944331,3.747872
2011_09_26/2011_09_26_drive_0056_sync/image_02/data/0000000176.png,0.131273,0.901601,3.752713
2011_09_26/2011_09_26_drive_0056_sync/image_02/data/0000000110.png,0.102391,0.880047,3.868133
2011_09_26/2011_09_26_drive_0056_sync/image_02/data/0000000275.png,0.092902,0.949649,2.936197
2011_09_26/2011_09_26_drive_0056_sync/image_02/data/0000000264.png,0.069824,0.970154,2.652220
2011_09_26/2011_09_26_drive_0056_sync/image_02/data/0000000198.png,0.053788,0.984459,2.135190
2011_09_26/2011_09_26_drive_0056_sync/image_02/data/0000000055.png,0.072678,0.925089,3.734545
2011_09_26/2011_09_26_drive_0056_sync/image_02/data/0000000088.png,0.084022,0.949229,3.528393
2011_09_26/2011_09_26_drive_0056_sync/image_02/data/0000000121.png,0.099186,0.913696,3.734749
2011_09_26/2011_09_26_drive_0056_sync/image_02/data/0000000209.png,0.056667,0.973775,2.101451
2011_09_26/2011_09_26_drive_0056_sync/image_02/data/0000000165.png,0.078349,0.920613,4.325260
2011_09_26/2011_09_26_drive_0056_sync/image_02/data/0000000231.png,0.093375,0.842873,2.785497
2011_09_26/2011_09_26_drive_0056_sync/image_02/data/0000000044.png,0.109522,0.920973,4.053076
2011_09_26/2011_09_26_drive_0059_sync/image_02/data/0000000056.png,0.133589,0.936778,4.174769
2011_09_26/2011_09_26_drive_0059_sync/image_02/data/0000000344.png,0.041660,0.984160,2.071463
2011_09_26/2011_09_26_drive_0059_sync/image_02/data/0000000358.png,0.060966,0.990950,2.190329
2011_09_26/2011_09_26_drive_0059_sync/image_02/data/0000000316.png,0.039038,0.992815,1.714594
2011_09_26/2011_09_26_drive_0059_sync/image_02/data/0000000238.png,0.103717,0.933209,3.298002
2011_09_26/2011_09_26_drive_0059_sync/image_02/data/0000000098.png,0.126786,0.902261,4.208921
2011_09_26/2011_09_26_drive_0059_sync/image_02/data/0000000112.png,0.126247,0.943864,4.737832
2011_09_26/2011_09_26_drive_0059_sync/image_02/data/0000000028.png,0.082435,0.953348,3.747081
2011_09_26/2011_09_26_drive_0059_sync/image_02/data/0000000014.png,0.102430,0.962324,3.625713
2011_09_26/2011_09_26_drive_0059_sync/image_02/data/0000000330.png,0.040354,0.993475,1.585232
2011_09_26/2011_09_26_drive_0059_sync/image_02/data/0000000154.png,0.116873,0.892635,4.839850
2011_09_26/2011_09_26_drive_0059_sync/image_02/data/0000000042.png,0.133655,0.929188,4.669323
2011_09_26/2011_09_26_drive_0059_sync/image_02/data/0000000302.png,0.040580,0.978209,2.087363
2011_09_26/2011_09_26_drive_0059_sync/image_02/data/0000000182.png,0.118535,0.971119,3.202472
2011_09_26/2011_09_26_drive_0059_sync/image_02/data/0000000288.png,0.068391,0.974058,2.100767
2011_09_26/2011_09_26_drive_0059_sync/image_02/data/0000000140.png,0.077418,0.935274,4.214193
2011_09_26/2011_09_26_drive_0059_sync/image_02/data/0000000274.png,0.098909,0.958853,3.060962
2011_09_26/2011_09_26_drive_0059_sync/image_02/data/0000000224.png,0.077586,0.957018,2.990739
2011_09_26/2011_09_26_drive_0059_sync/image_02/data/0000000196.png,0.093659,0.948130,3.186321
2011_09_26/2011_09_26_drive_0059_sync/image_02/data/0000000126.png,0.124107,0.921632,5.103448
2011_09_26/2011_09_26_drive_0059_sync/image_02/data/0000000084.png,0.133910,0.910905,3.979075
2011_09_26/2011_09_26_drive_0059_sync/image_02/data/0000000210.png,0.071150,0.962339,3.210540
2011_09_26/2011_09_26_drive_0059_sync/image_02/data/0000000070.png,0.120907,0.941091,4.917959
2011_09_26/2011_09_26_drive_0064_sync/image_02/data/0000000528.png,0.070845,0.964976,2.695406
2011_09_26/2011_09_26_drive_0064_sync/image_02/data/0000000308.png,0.051283,0.951071,2.096754
2011_09_26/2011_09_26_drive_0064_sync/image_02/data/0000000044.png,0.053550,0.957435,2.697117
2011_09_26/2011_09_26_drive_0064_sync/image_02/data/0000000352.png,0.057710,0.960255,1.928649
2011_09_26/2011_09_26_drive_0064_sync/image_02/data/0000000066.png,0.081513,0.943419,2.143539
2011_09_26/2011_09_26_drive_0064_sync/image_02/data/0000000506.png,0.096014,0.962428,3.002317
2011_09_26/2011_09_26_drive_0064_sync/image_02/data/0000000176.png,0.076791,0.916697,2.324119
2011_09_26/2011_09_26_drive_0064_sync/image_02/data/0000000022.png,0.092905,0.921661,4.125196
2011_09_26/2011_09_26_drive_0064_sync/image_02/data/0000000242.png,0.067938,0.944174,2.889712
2011_09_26/2011_09_26_drive_0064_sync/image_02/data/0000000462.png,0.079916,0.945666,3.633614
2011_09_26/2011_09_26_drive_0064_sync/image_02/data/0000000418.png,0.080997,0.914152,3.634460
2011_09_26/2011_09_26_drive_0064_sync/image_02/data/0000000110.png,0.076471,0.985662,1.661729
2011_09_26/2011_09_26_drive_0064_sync/image_02/data/0000000440.png,0.163595,0.749544,3.557684
2011_09_26/2011_09_26_drive_0064_sync/image_02/data/0000000396.png,0.147601,0.812548,6.136221
2011_09_26/2011_09_26_drive_0064_sync/image_02/data/0000000154.png,0.067066,0.965647,2.380828
2011_09_26/2011_09_26_drive_0064_sync/image_02/data/0000000374.png,0.109493,0.943562,3.545453
2011_09_26/2011_09_26_drive_0064_sync/image_02/data/0000000088.png,0.094447,0.988428,2.027321
2011_09_26/2011_09_26_drive_0064_sync/image_02/data/0000000286.png,0.085955,0.980720,2.332699
2011_09_26/2011_09_26_drive_0064_sync/image_02/data/0000000550.png,0.161469,0.839932,2.875886
2011_09_26/2011_09_26_drive_0064_sync/image_02/data/0000000264.png,0.093588,0.963054,1.960328
2011_09_26/2011_09_26_drive_0064_sync/image_02/data/0000000220.png,0.042307,0.981239,2.092995
2011_09_26/2011_09_26_drive_0064_sync/image_02/data/0000000330.png,0.045000,0.963127,2.086160
2011_09_26/2011_09_26_drive_0064_sync/image_02/data/0000000484.png,0.133000,0.948014,3.699513
2011_09_26/2011_09_26_drive_0064_sync/image_02/data/0000000198.png,0.048019,0.983482,2.263194
2011_09_26/2011_09_26_drive_0084_sync/image_02/data/0000000283.png,0.044027,0.970932,2.169586
2011_09_26/2011_09_26_drive_0084_sync/image_02/data/0000000361.png,0.078595,0.970561,2.744247
2011_09_26/2011_09_26_drive_0084_sync/image_02/data/0000000270.png,0.069959,0.885701,2.976598
2011_09_26/2011_09_26_drive_0084_sync/image_02/data/0000000127.png,0.076399,0.984590,2.680131
2011_09_26/2011_09_26_drive_0084_sync/image_02/data/0000000205.png,0.118126,0.885486,4.419778
2011_09_26/2011_09_26_drive_0084_sync/image_02/data/0000000218.png,0.092937,0.926627,4.904778
2011_09_26/2011_09_26_drive_0084_sync/image_02/data/0000000153.png,0.079425,0.984109,3.198127
2011_09_26/2011_09_26_drive_0084_sync/image_02/data/0000000335.png,0.090884,0.949038,3.462324
2011_09_26/2011_09_26_drive_0084_sync/image_02/data/0000000192.png,0.101143,0.961961,3.760261
2011_09_26/2011_09_26_drive_0084_sync/image_02/data/0000000348.png,0.079979,0.935140,4.304593
2011_09_26/2011_09_26_drive_0084_sync/image_02/data/0000000101.png,0.071137,0.978017,3.266886
2011_09_26/2011_09_26_drive_0084_sync/image_02/data/0000000049.png,0.084104,0.941536,2.348256
2011_09_26/2011_09_26_drive_0084_sync/image_02/data/0000000179.png,0.061126,0.979861,2.398442
2011_09_26/2011_09_26_drive_0084_sync/image_02/data/0000000140.png,0.080940,0.976684,2.832167
2011_09_26/2011_09_26_drive_0084_sync/image_02/data/0000000374.png,0.071927,0.957774,3.450506
2011_09_26/2011_09_26_drive_0084_sync/image_02/data/0000000322.png,0.072835,0.962393,3.058550
2011_09_26/2011_09_26_drive_0084_sync/image_02/data/0000000309.png,0.082856,0.967418,2.497406
2011_09_26/2011_09_26_drive_0084_sync/image_02/data/0000000244.png,0.091873,0.845886,6.326118
2011_09_26/2011_09_26_drive_0084_sync/image_02/data/0000000062.png,0.068367,0.986284,2.651255
2011_09_26/2011_09_26_drive_0084_sync/image_02/data/0000000257.png,0.079170,0.955528,3.679841
2011_09_26/2011_09_26_drive_0084_sync/image_02/data/0000000088.png,0.063364,0.983051,2.961996
2011_09_26/2011_09_26_drive_0084_sync/image_02/data/0000000114.png,0.123507,0.923016,3.376650
2011_09_26/2011_09_26_drive_0084_sync/image_02/data/0000000075.png,0.048007,0.975064,2.198996
2011_09_26/2011_09_26_drive_0084_sync/image_02/data/0000000296.png,0.077409,0.921288,2.987825
2011_09_26/2011_09_26_drive_0084_sync/image_02/data/0000000231.png,0.095235,0.905206,5.452191
2011_09_26/2011_09_26_drive_0086_sync/image_02/data/0000000007.png,0.129421,0.979271,1.261668
2011_09_26/2011_09_26_drive_0086_sync/image_02/data/0000000196.png,0.048550,0.973595,2.504024
2011_09_26/2011_09_26_drive_0086_sync/image_02/data/0000000439.png,0.139054,0.781278,5.257305
2011_09_26/2011_09_26_drive_0086_sync/image_02/data/0000000169.png,0.057730,0.966659,3.179114
2011_09_26/2011_09_26_drive_0086_sync/image_02/data/0000000115.png,0.090166,0.959560,3.898002
2011_09_26/2011_09_26_drive_0086_sync/image_02/data/0000000034.png,0.101289,0.942311,3.753100
2011_09_26/2011_09_26_drive_0086_sync/image_02/data/0000000304.png,0.099632,0.875012,2.116662
2011_09_26/2011_09_26_drive_0086_sync/image_02/data/0000000331.png,0.072945,0.954183,1.599217
2011_09_26/2011_09_26_drive_0086_sync/image_02/data/0000000277.png,0.087110,0.898027,3.111432
2011_09_26/2011_09_26_drive_0086_sync/image_02/data/0000000520.png,0.064099,0.969210,2.314654
2011_09_26/2011_09_26_drive_0086_sync/image_02/data/0000000682.png,0.070144,0.976231,0.463372
2011_09_26/2011_09_26_drive_0086_sync/image_02/data/0000000628.png,0.082068,0.937806,1.432325
2011_09_26/2011_09_26_drive_0086_sync/image_02/data/0000000088.png,0.080167,0.980400,2.826481
2011_09_26/2011_09_26_drive_0086_sync/image_02/data/0000000601.png,0.099287,0.869445,2.246067
2011_09_26/2011_09_26_drive_0086_sync/image_02/data/0000000574.png,0.188505,0.509454,4.254337
2011_09_26/2011_09_26_drive_0086_sync/image_02/data/0000000223.png,0.065097,0.955913,3.975466
2011_09_26/2011_09_26_drive_0086_sync/image_02/data/0000000655.png,0.112866,0.957433,0.671782
2011_09_26/2011_09_26_drive_0086_sync/image_02/data/0000000358.png,0.084012,0.965235,1.079462
2011_09_26/2011_09_26_drive_0086_sync/image_02/data/0000000412.png,0.071428,0.912192,3.909479
2011_09_26/2011_09_26_drive_0086_sync/image_02/data/0000000142.png,0.057700,0.984765,2.127080
2011_09_26/2011_09_26_drive_0086_sync/image_02/data/0000000385.png,0.093832,0.944440,2.303996
2011_09_26/2011_09_26_drive_0086_sync/image_02/data/0000000061.png,0.073317,0.958218,2.371722
2011_09_26/2011_09_26_drive_0086_sync/image_02/data/0000000493.png,0.105797,0.914542,2.656819
2011_09_26/2011_09_26_drive_0086_sync/image_02/data/0000000466.png,0.167770,0.719745,4.605780
2011_09_26/2011_09_26_drive_0086_sync/image_02/data/0000000250.png,0.119676,0.935642,3.440137
2011_09_26/2011_09_26_drive_0093_sync/image_02/data/0000000016.png,0.096748,0.944808,3.611793
2011_09_26/2011_09_26_drive_0093_sync/image_02/data/0000000032.png,0.098401,0.930439,4.311479
2011_09_26/2011_09_26_drive_0093_sync/image_02/data/0000000048.png,0.109274,0.941244,4.931659
2011_09_26/2011_09_26_drive_0093_sync/image_02/data/0000000064.png,0.096888,0.939125,4.507535
2011_09_26/2011_09_26_drive_0093_sync/image_02/data/0000000080.png,0.143640,0.929582,3.432619
2011_09_26/2011_09_26_drive_0093_sync/image_02/data/0000000096.png,0.077105,0.990951,2.114085
2011_09_26/2011_09_26_drive_0093_sync/image_02/data/0000000112.png,0.105616,0.985299,2.432584
2011_09_26/2011_09_26_drive_0093_sync/image_02/data/0000000128.png,0.058930,0.989089,1.396118
2011_09_26/2011_09_26_drive_0093_sync/image_02/data/0000000144.png,0.116614,0.984490,1.677896
2011_09_26/2011_09_26_drive_0093_sync/image_02/data/0000000160.png,0.046151,0.998536,0.889337
2011_09_26/2011_09_26_drive_0093_sync/image_02/data/0000000176.png,0.116661,0.970934,2.486173
2011_09_26/2011_09_26_drive_0093_sync/image_02/data/0000000192.png,0.132163,0.941534,5.317307
2011_09_26/2011_09_26_drive_0093_sync/image_02/data/0000000208.png,0.173872,0.807389,8.239641
2011_09_26/2011_09_26_drive_0093_sync/image_02/data/0000000224.png,0.166266,0.799795,6.351417
2011_09_26/2011_09_26_drive_0093_sync/image_02/data/0000000240.png,0.118265,0.894036,4.812807
2011_09_26/2011_09_26_drive_0093_sync/image_02/data/0000000256.png,0.147623,0.863402,5.315977
2011_09_26/2011_09_26_drive_0093_sync/image_02/data/0000000305.png,0.117154,0.856373,4.852061
2011_09_26/2011_09_26_drive_0093_sync/image_02/data/0000000321.png,0.108349,0.878190,4.521636
2011_09_26/2011_09_26_drive_0093_sync/image_02/data/0000000337.png,0.066596,0.948591,2.788771
2011_09_26/2011_09_26_drive_0093_sync/image_02/data/0000000353.png,0.123901,0.881003,6.666719
2011_09_26/2011_09_26_drive_0093_sync/image_02/data/0000000369.png,0.101377,0.878066,5.504306
2011_09_26/2011_09_26_drive_0093_sync/image_02/data/0000000385.png,0.113217,0.942923,4.232937
2011_09_26/2011_09_26_drive_0093_sync/image_02/data/0000000401.png,0.115177,0.943186,3.968676
2011_09_26/2011_09_26_drive_0093_sync/image_02/data/0000000417.png,0.143426,0.854679,7.111778
2011_09_26/2011_09_26_drive_0096_sync/image_02/data/0000000019.png,0.108112,0.964737,2.866455
2011_09_26/2011_09_26_drive_0096_sync/image_02/data/0000000038.png,0.049472,0.984561,2.634973
2011_09_26/2011_09_26_drive_0096_sync/image_02/data/0000000057.png,0.044364,0.985015,2.307080
2011_09_26/2011_09_26_drive_0096_sync/image_02/data/0000000076.png,0.057180,0.988704,1.939728
2011_09_26/2011_09_26_drive_0096_sync/image_02/data/0000000095.png,0.115228,0.914913,4.334097
2011_09_26/2011_09_26_drive_0096_sync/image_02/data/0000000114.png,0.184607,0.626471,4.687791
2011_09_26/2011_09_26_drive_0096_sync/image_02/data/0000000133.png,0.127158,0.888840,3.691999
2011_09_26/2011_09_26_drive_0096_sync/image_02/data/0000000152.png,0.123542,0.921527,3.249217
2011_09_26/2011_09_26_drive_0096_sync/image_02/data/0000000171.png,0.122800,0.923197,4.039236
2011_09_26/2011_09_26_drive_0096_sync/image_02/data/0000000190.png,0.185639,0.621656,3.767661
2011_09_26/2011_09_26_drive_0096_sync/image_02/data/0000000209.png,0.198314,0.530082,4.923766
2011_09_26/2011_09_26_drive_0096_sync/image_02/data/0000000228.png,0.169872,0.730523,5.090051
2011_09_26/2011_09_26_drive_0096_sync/image_02/data/0000000247.png,0.181991,0.633007,4.027285
2011_09_26/2011_09_26_drive_0096_sync/image_02/data/0000000266.png,0.155008,0.732133,3.705605
2011_09_26/2011_09_26_drive_0096_sync/image_02/data/0000000285.png,0.099297,0.946605,2.715232
2011_09_26/2011_09_26_drive_0096_sync/image_02/data/0000000304.png,0.181854,0.775122,5.209701
2011_09_26/2011_09_26_drive_0096_sync/image_02/data/0000000323.png,0.102539,0.928688,4.277439
2011_09_26/2011_09_26_drive_0096_sync/image_02/data/0000000342.png,0.080118,0.968322,3.751375
2011_09_26/2011_09_26_drive_0096_sync/image_02/data/0000000361.png,0.134834,0.948935,3.867587
2011_09_26/2011_09_26_drive_0096_sync/image_02/data/0000000380.png,0.062146,0.971227,3.441275
2011_09_26/2011_09_26_drive_0096_sync/image_02/data/0000000399.png,0.085032,0.976254,3.411621
2011_09_26/2011_09_26_drive_0096_sync/image_02/data/0000000418.png,0.083656,0.977946,3.223203
2011_09_26/2011_09_26_drive_0096_sync/image_02/data/0000000437.png,0.085211,0.928411,6.009093
2011_09_26/2011_09_26_drive_0096_sync/image_02/data/0000000456.png,0.153069,0.747867,10.727595
2011_09_26/2011_09_26_drive_0101_sync/image_02/data/0000000692.png,0.059959,0.950155,4.652982
2011_09_26/2011_09_26_drive_0101_sync/image_02/data/0000000930.png,0.134507,0.841529,4.129757
2011_09_26/2011_09_26_drive_0101_sync/image_02/data/0000000760.png,0.083133,0.929731,2.405417
2011_09_26/2011_09_26_drive_0101_sync/image_02/data/0000000896.png,0.116069,0.913885,4.133268
2011_09_26/2011_09_26_drive_0101_sync/image_02/data/0000000284.png,0.063020,0.904881,3.875995
2011_09_26/2011_09_26_drive_0101_sync/image_02/data/0000000148.png,0.082589,0.919188,4.875128
2011_09_26/2011_09_26_drive_0101_sync/image_02/data/0000000522.png,0.063192,0.941564,3.348328
2011_09_26/2011_09_26_drive_0101_sync/image_02/data/0000000794.png,0.062568,0.964708,3.088915
2011_09_26/2011_09_26_drive_0101_sync/image_02/data/0000000624.png,0.111172,0.943627,4.032431
2011_09_26/2011_09_26_drive_0101_sync/image_02/data/0000000726.png,0.067768,0.966683,3.111119
2011_09_26/2011_09_26_drive_0101_sync/image_02/data/0000000216.png,0.086508,0.943615,4.374867
2011_09_26/2011_09_26_drive_0101_sync/image_02/data/0000000318.png,0.080300,0.936210,4.247836
2011_09_26/2011_09_26_drive_0101_sync/image_02/data/0000000488.png,0.090786,0.947819,4.398773
2011_09_26/2011_09_26_drive_0101_sync/image_02/data/0000000590.png,0.060033,0.973272,2.503542
2011_09_26/2011_09_26_drive_0101_sync/image_02/data/0000000454.png,0.077736,0.974507,3.043877
2011_09_26/2011_09_26_drive_0101_sync/image_02/data/0000000862.png,0.087613,0.941781,4.042298
2011_09_26/2011_09_26_drive_0101_sync/image_02/data/0000000386.png,0.126942,0.952167,3.038650
2011_09_26/2011_09_26_drive_0101_sync/image_02/data/0000000352.png,0.135032,0.947949,3.876011
2011_09_26/2011_09_26_drive_0101_sync/image_02/data/0000000420.png,0.115134,0.948297,3.714295
2011_09_26/2011_09_26_drive_0101_sync/image_02/data/0000000658.png,0.085216,0.956472,3.695074
2011_09_26/2011_09_26_drive_0101_sync/image_02/data/0000000828.png,0.085816,0.925419,4.522948
2011_09_26/2011_09_26_drive_0101_sync/image_02/data/0000000556.png,0.079316,0.912270,5.315289
2011_09_26/2011_09_26_drive_0101_sync/image_02/data/0000000114.png,0.087792,0.959517,2.644866
2011_09_26/2011_09_26_drive_0101_sync/image_02/data/0000000182.png,0.156097,0.803050,4.884956
2011_09_26/2011_09_26_drive_0101_sync/image_02/data/0000000080.png,0.071525,0.962871,3.402493
2011_09_26/2011_09_26_drive_0106_sync/image_02/data/0000000015.png,0.055374,0.980205,2.298549
2011_09_26/2011_09_26_drive_0106_sync/image_02/data/0000000035.png,0.052095,0.980665,2.420938
2011_09_26/2011_09_26_drive_0106_sync/image_02/data/0000000043.png,0.042488,0.988247,2.105740
2011_09_26/2011_09_26_drive_0106_sync/image_02/data/0000000051.png,0.067837,0.973951,2.937238
2011_09_26/2011_09_26_drive_0106_sync/image_02/data/0000000059.png,0.061715,0.974664,2.650040
2011_09_26/2011_09_26_drive_0106_sync/image_02/data/0000000067.png,0.076598,0.959519,2.924150
2011_09_26/2011_09_26_drive_0106_sync/image_02/data/0000000075.png,0.113920,0.942854,3.267011
2011_09_26/2011_09_26_drive_0106_sync/image_02/data/0000000083.png,0.130560,0.897714,3.479882
2011_09_26/2011_09_26_drive_0106_sync/image_02/data/0000000091.png,0.104058,0.949866,2.985540
2011_09_26/2011_09_26_drive_0106_sync/image_02/data/0000000099.png,0.088649,0.962907,3.070564
2011_09_26/2011_09_26_drive_0106_sync/image_02/data/0000000107.png,0.089001,0.961508,3.303338
2011_09_26/2011_09_26_drive_0106_sync/image_02/data/0000000115.png,0.081363,0.954985,2.650810
2011_09_26/2011_09_26_drive_0106_sync/image_02/data/0000000123.png,0.091754,0.973078,2.410760
2011_09_26/2011_09_26_drive_0106_sync/image_02/data/0000000131.png,0.079803,0.982536,2.227047
2011_09_26/2011_09_26_drive_0106_sync/image_02/data/0000000139.png,0.067354,0.985337,2.572918
2011_09_26/2011_09_26_drive_0106_sync/image_02/data/0000000147.png,0.071094,0.981040,2.789270
2011_09_26/2011_09_26_drive_0106_sync/image_02/data/0000000155.png,0.063608,0.977283,2.812245
2011_09_26/2011_09_26_drive_0106_sync/image_02/data/0000000163.png,0.074370,0.962667,3.161267
2011_09_26/2011_09_26_drive_0106_sync/image_02/data/0000000171.png,0.100475,0.980377,2.867174
2011_09_26/2011_09_26_drive_0106_sync/image_02/data/0000000179.png,0.104460,0.962791,3.531034
2011_09_26/2011_09_26_drive_0106_sync/image_02/data/0000000187.png,0.073034,0.970896,3.758614
2011_09_26/2011_09_26_drive_0106_sync/image_02/data/0000000195.png,0.072589,0.954857,4.130227
2011_09_26/2011_09_26_drive_0106_sync/image_02/data/0000000203.png,0.126923,0.937074,4.251191
2011_09_26/2011_09_26_drive_0106_sync/image_02/data/0000000211.png,0.099196,0.917288,5.377916
2011_09_26/2011_09_26_drive_0106_sync/image_02/data/0000000219.png,0.136515,0.846208,8.825798
2011_09_26/2011_09_26_drive_0117_sync/image_02/data/0000000312.png,0.087196,0.968398,1.949007
2011_09_26/2011_09_26_drive_0117_sync/image_02/data/0000000494.png,0.083329,0.989340,2.237050
2011_09_26/2011_09_26_drive_0117_sync/image_02/data/0000000104.png,0.125136,0.946840,3.950270
2011_09_26/2011_09_26_drive_0117_sync/image_02/data/0000000130.png,0.158376,0.781822,3.348846
2011_09_26/2011_09_26_drive_0117_sync/image_02/data/0000000156.png,0.113203,0.832339,2.421268
2011_09_26/2011_09_26_drive_0117_sync/image_02/data/0000000182.png,0.110477,0.928556,4.019774
2011_09_26/2011_09_26_drive_0117_sync/image_02/data/0000000598.png,0.079391,0.965238,3.421370
2011_09_26/2011_09_26_drive_0117_sync/image_02/data/0000000416.png,0.135409,0.780797,3.475562
2011_09_26/2011_09_26_drive_0117_sync/image_02/data/0000000364.png,0.175051,0.698048,6.414672
2011_09_26/2011_09_26_drive_0117_sync/image_02/data/0000000026.png,0.202036,0.669543,5.503286
2011_09_26/2011_09_26_drive_0117_sync/image_02/data/0000000078.png,0.129444,0.811125,4.779892
2011_09_26/2011_09_26_drive_0117_sync/image_02/data/0000000572.png,0.073250,0.988947,1.287468
2011_09_26/2011_09_26_drive_0117_sync/image_02/data/0000000468.png,0.140774,0.972478,2.570113
2011_09_26/2011_09_26_drive_0117_sync/image_02/data/0000000260.png,0.142771,0.724708,4.482360
2011_09_26/2011_09_26_drive_0117_sync/image_02/data/0000000624.png,0.075279,0.943366,3.023213
2011_09_26/2011_09_26_drive_0117_sync/image_02/data/0000000234.png,0.122683,0.832645,3.589170
2011_09_26/2011_09_26_drive_0117_sync/image_02/data/0000000442.png,0.129475,0.918949,4.126600
2011_09_26/2011_09_26_drive_0117_sync/image_02/data/0000000390.png,0.159575,0.703662,6.531886
2011_09_26/2011_09_26_drive_0117_sync/image_02/data/0000000546.png,0.106789,0.977484,1.920429
2011_09_26/2011_09_26_drive_0117_sync/image_02/data/0000000286.png,0.166721,0.476698,4.393901
2011_09_26/2011_09_26_drive_0117_sync/image_02/data/0000000338.png,0.176066,0.643492,6.354295
2011_09_26/2011_09_26_drive_0117_sync/image_02/data/0000000208.png,0.083012,0.932213,3.791490
2011_09_26/2011_09_26_drive_0117_sync/image_02/data/0000000650.png,0.115903,0.944562,2.806742
2011_09_26/2011_09_26_drive_0117_sync/image_02/data/0000000052.png,0.161800,0.798867,6.091098
2011_09_28/2011_09_28_drive_0002_sync/image_02/data/0000000024.png,0.160220,0.804903,4.360696
2011_09_28/2011_09_28_drive_0002_sync/image_02/data/0000000021.png,0.140435,0.914743,4.016974
2011_09_28/2011_09_28_drive_0002_sync/image_02/data/0000000036.png,0.126428,0.957542,3.769691
2011_09_28/2011_09_28_drive_0002_sync/image_02/data/0000000051.png,0.107846,0.976955,2.924201
2011_09_28/2011_09_28_drive_0002_sync/image_02/data/0000000018.png,0.127303,0.925083,3.433683
2011_09_28/2011_09_28_drive_0002_sync/image_02/data/0000000033.png,0.145905,0.883033,4.516122
2011_09_28/2011_09_28_drive_0002_sync/image_02/data/0000000090.png,0.098240,0.962011,3.400911
2011_09_28/2011_09_28_drive_0002_sync/image_02/data/0000000045.png,0.123461,0.960980,3.238612
2011_09_28/2011_09_28_drive_0002_sync/image_02/data/0000000054.png,0.117251,0.960516,3.060312
2011_09_28/2011_09_28_drive_0002_sync/image_02/data/0000000012.png,0.142388,0.872908,3.621988
2011_09_28/2011_09_28_drive_0002_sync/image_02/data/0000000039.png,0.114682,0.964759,3.641085
2011_09_28/2011_09_28_drive_0002_sync/image_02/data/0000000009.png,0.133835,0.857077,4.346504
2011_09_28/2011_09_28_drive_0002_sync/image_02/data/0000000030.png,0.153916,0.849053,4.882461
2011_09_28/2011_09_28_drive_0002_sync/image_02/data/0000000078.png,0.118289,0.957389,3.258458
2011_09_28/2011_09_28_drive_0002_sync/image_02/data/0000000060.png,0.110292,0.970997,3.264624
2011_09_28/2011_09_28_drive_0002_sync/image_02/data/0000000048.png,0.097568,0.978974,2.962629
2011_09_28/2011_09_28_drive_0002_sync/image_02/data/0000000084.png,0.106631,0.955160,3.479606
2011_09_28/2011_09_28_drive_0002_sync/image_02/data/0000000081.png,0.113031,0.954585,3.151453
2011_09_28/2011_09_28_drive_0002_sync/image_02/data/0000000006.png,0.137828,0.906509,3.426075
2011_09_28/2011_09_28_drive_0002_sync/image_02/data/0000000057.png,0.102797,0.968382,3.519140
2011_09_28/2011_09_28_drive_0002_sync/image_02/data/0000000072.png,0.109550,0.973119,3.543520
2011_09_28/2011_09_28_drive_0002_sync/image_02/data/0000000087.png,0.108223,0.958561,3.824149
2011_09_28/2011_09_28_drive_0002_sync/image_02/data/0000000063.png,0.104320,0.964770,3.460961
2011_09_29/2011_09_29_drive_0071_sync/image_02/data/0000000252.png,0.125359,0.918160,3.353257
2011_09_29/2011_09_29_drive_0071_sync/image_02/data/0000000540.png,0.144986,0.825375,4.665250
2011_09_29/2011_09_29_drive_0071_sync/image_02/data/0000000036.png,0.098288,0.940353,2.240507
2011_09_29/2011_09_29_drive_0071_sync/image_02/data/0000000360.png,0.119605,0.965003,2.395610
2011_09_29/2011_09_29_drive_0071_sync/image_02/data/0000000807.png,0.119590,0.986222,2.088121
2011_09_29/2011_09_29_drive_0071_sync/image_02/data/0000000879.png,0.135376,0.932469,1.679967
2011_09_29/2011_09_29_drive_0071_sync/image_02/data/0000000288.png,0.150422,0.938221,2.508136
2011_09_29/2011_09_29_drive_0071_sync/image_02/data/0000000771.png,0.098621,0.979363,2.097186
2011_09_29/2011_09_29_drive_0071_sync/image_02/data/0000000216.png,0.096536,0.948957,2.637109
2011_09_29/2011_09_29_drive_0071_sync/image_02/data/0000000951.png,0.137269,0.874857,2.674007
2011_09_29/2011_09_29_drive_0071_sync/image_02/data/0000000324.png,0.106230,0.966575,1.969121
2011_09_29/2011_09_29_drive_0071_sync/image_02/data/0000000432.png,0.161850,0.834451,3.378706
2011_09_29/2011_09_29_drive_0071_sync/image_02/data/0000000504.png,0.127166,0.902437,3.892593
2011_09_29/2011_09_29_drive_0071_sync/image_02/data/0000000576.png,0.142143,0.884376,3.588848
2011_09_29/2011_09_29_drive_0071_sync/image_02/data/0000000108.png,0.125518,0.838067,2.724758
2011_09_29/2011_09_29_drive_0071_sync/image_02/data/0000000180.png,0.104920,0.934120,3.030021
2011_09_29/2011_09_29_drive_0071_sync/image_02/data/0000000072.png,0.058230,0.970335,1.889157
2011_09_29/2011_09_29_drive_0071_sync/image_02/data/0000000612.png,0.090281,0.975273,2.137033
2011_09_29/2011_09_29_drive_0071_sync/image_02/data/0000000915.png,0.060615,0.985915,0.920950
2011_09_29/2011_09_29_drive_0071_sync/image_02/data/0000000735.png,0.129941,0.933762,2.766442
2011_09_29/2011_09_29_drive_0071_sync/image_02/data/0000000144.png,0.103869,0.953610,2.581798
2011_09_29/2011_09_29_drive_0071_sync/image_02/data/0000000396.png,0.073916,0.985096,1.716558
2011_09_29/2011_09_29_drive_0071_sync/image_02/data/0000000468.png,0.158130,0.904925,3.538244
2011_09_30/2011_09_30_drive_0016_sync/image_02/data/0000000132.png,0.069145,0.972828,2.506861
2011_09_30/2011_09_30_drive_0016_sync/image_02/data/0000000011.png,0.096982,0.928161,3.960741
2011_09_30/2011_09_30_drive_0016_sync/image_02/data/0000000154.png,0.058916,0.994801,2.045189
2011_09_30/2011_09_30_drive_0016_sync/image_02/data/0000000022.png,0.117101,0.813886,3.217816
2011_09_30/2011_09_30_drive_0016_sync/image_02/data/0000000242.png,0.083063,0.919627,3.713640
2011_09_30/2011_09_30_drive_0016_sync/image_02/data/0000000198.png,0.111580,0.963042,3.185689
2011_09_30/2011_09_30_drive_0016_sync/image_02/data/0000000176.png,0.041677,0.990886,1.775890
2011_09_30/2011_09_30_drive_0016_sync/image_02/data/0000000231.png,0.104631,0.912916,4.073386
2011_09_30/2011_09_30_drive_0016_sync/image_02/data/0000000220.png,0.078498,0.951430,3.811167
2011_09_30/2011_09_30_drive_0016_sync/image_02/data/0000000088.png,0.085117,0.893646,2.401026
2011_09_30/2011_09_30_drive_0016_sync/image_02/data/0000000143.png,0.104184,0.896471,2.966519
2011_09_30/2011_09_30_drive_0016_sync/image_02/data/0000000055.png,0.115286,0.690888,3.068259
2011_09_30/2011_09_30_drive_0016_sync/image_02/data/0000000033.png,0.122274,0.797107,3.437528
2011_09_30/2011_09_30_drive_0016_sync/image_02/data/0000000187.png,0.070757,0.986459,1.911565
2011_09_30/2011_09_30_drive_0016_sync/image_02/data/0000000110.png,0.131921,0.820056,3.609777
2011_09_30/2011_09_30_drive_0016_sync/image_02/data/0000000044.png,0.105559,0.821072,3.643798
2011_09_30/2011_09_30_drive_0016_sync/image_02/data/0000000077.png,0.079866,0.923814,3.007461
2011_09_30/2011_09_30_drive_0016_sync/image_02/data/0000000066.png,0.104323,0.798540,3.354337
2011_09_30/2011_09_30_drive_0016_sync/image_02/data/0000000165.png,0.069403,0.982232,1.839272
2011_09_30/2011_09_30_drive_0016_sync/image_02/data/0000000264.png,0.066530,0.902627,3.444013
2011_09_30/2011_09_30_drive_0016_sync/image_02/data/0000000253.png,0.076638,0.918638,2.662202
2011_09_30/2011_09_30_drive_0016_sync/image_02/data/0000000209.png,0.128690,0.901502,3.491173
2011_09_30/2011_09_30_drive_0016_sync/image_02/data/0000000121.png,0.081601,0.985917,2.595134
2011_09_30/2011_09_30_drive_0018_sync/image_02/data/0000000107.png,0.070996,0.985618,2.507511
2011_09_30/2011_09_30_drive_0018_sync/image_02/data/0000002247.png,0.095495,0.962480,3.223058
2011_09_30/2011_09_30_drive_0018_sync/image_02/data/0000001391.png,0.068907,0.958843,2.127015
2011_09_30/2011_09_30_drive_0018_sync/image_02/data/0000000535.png,0.039110,0.965501,1.703065
2011_09_30/2011_09_30_drive_0018_sync/image_02/data/0000001819.png,0.063692,0.962034,1.583395
2011_09_30/2011_09_30_drive_0018_sync/image_02/data/0000001177.png,0.057723,0.990711,1.947781
2011_09_30/2011_09_30_drive_0018_sync/image_02/data/0000000428.png,0.101830,0.955755,1.644402
2011_09_30/2011_09_30_drive_0018_sync/image_02/data/0000001926.png,0.076662,0.989789,1.798352
2011_09_30/2011_09_30_drive_0018_sync/image_02/data/0000000749.png,0.083663,0.944603,2.326964
2011_09_30/2011_09_30_drive_0018_sync/image_02/data/0000001284.png,0.061353,0.974553,1.984059
2011_09_30/2011_09_30_drive_0018_sync/image_02/data/0000002140.png,0.074764,0.977881,2.763378
2011_09_30/2011_09_30_drive_0018_sync/image_02/data/0000001605.png,0.045968,0.990397,1.831369
2011_09_30/2011_09_30_drive_0018_sync/image_02/data/0000001498.png,0.069821,0.925374,2.735613
2011_09_30/2011_09_30_drive_0018_sync/image_02/data/0000000642.png,0.087835,0.896034,3.297399
2011_09_30/2011_09_30_drive_0018_sync/image_02/data/0000002740.png,0.064136,0.982960,2.572738
2011_09_30/2011_09_30_drive_0018_sync/image_02/data/0000002419.png,0.157057,0.817597,2.033252
2011_09_30/2011_09_30_drive_0018_sync/image_02/data/0000000856.png,0.083179,0.982543,2.504797
2011_09_30/2011_09_30_drive_0018_sync/image_02/data/0000002526.png,0.067309,0.963895,2.701046
2011_09_30/2011_09_30_drive_0018_sync/image_02/data/0000001712.png,0.091824,0.866340,2.019564
2011_09_30/2011_09_30_drive_0018_sync/image_02/data/0000001070.png,0.073638,0.946057,2.990669
2011_09_30/2011_09_30_drive_0018_sync/image_02/data/0000002033.png,0.124639,0.927709,2.921468
2011_09_30/2011_09_30_drive_0018_sync/image_02/data/0000000214.png,0.073493,0.875414,2.353796
2011_09_30/2011_09_30_drive_0018_sync/image_02/data/0000000963.png,0.061189,0.939375,2.319190
2011_09_30/2011_09_30_drive_0018_sync/image_02/data/0000002633.png,0.071065,0.963645,3.167106
2011_09_30/2011_09_30_drive_0027_sync/image_02/data/0000000533.png,0.076382,0.929184,2.039283
2011_09_30/2011_09_30_drive_0027_sync/image_02/data/0000001040.png,0.085707,0.923988,2.259689
2011_09_30/2011_09_30_drive_0027_sync/image_02/data/0000000082.png,0.088489,0.984503,2.152039
2011_09_30/2011_09_30_drive_0027_sync/image_02/data/0000000205.png,0.086577,0.966552,2.596363
2011_09_30/2011_09_30_drive_0027_sync/image_02/data/0000000835.png,0.113806,0.962296,3.449973
2011_09_30/2011_09_30_drive_0027_sync/image_02/data/0000000451.png,0.047415,0.988875,2.149156
2011_09_30/2011_09_30_drive_0027_sync/image_02/data/0000000164.png,0.060609,0.980468,1.512533
2011_09_30/2011_09_30_drive_0027_sync/image_02/data/0000000794.png,0.091289,0.985957,2.300028
2011_09_30/2011_09_30_drive_0027_sync/image_02/data/0000000328.png,0.127993,0.790564,2.006522
2011_09_30/2011_09_30_drive_0027_sync/image_02/data/0000000615.png,0.091880,0.925071,3.283600
2011_09_30/2011_09_30_drive_0027_sync/image_02/data/0000000917.png,0.048117,0.979300,1.577100
2011_09_30/2011_09_30_drive_0027_sync/image_02/data/0000000369.png,0.052187,0.970731,1.568981
2011_09_30/2011_09_30_drive_0027_sync/image_02/data/0000000287.png,0.109545,0.985798,2.327108
2011_09_30/2011_09_30_drive_0027_sync/image_02/data/0000000123.png,0.063738,0.992365,1.670043
2011_09_30/2011_09_30_drive_0027_sync/image_02/data/0000000876.png,0.082025,0.991041,1.708010
2011_09_30/2011_09_30_drive_0027_sync/image_02/data/0000000410.png,0.093913,0.959512,4.004698
2011_09_30/2011_09_30_drive_0027_sync/image_02/data/0000000492.png,0.077248,0.967980,3.324768
2011_09_30/2011_09_30_drive_0027_sync/image_02/data/0000000958.png,0.061615,0.983833,1.641483
2011_09_30/2011_09_30_drive_0027_sync/image_02/data/0000000656.png,0.151568,0.963115,3.091407
2011_09_30/2011_09_30_drive_0027_sync/image_02/data/0000000753.png,0.103537,0.972520,2.497023
2011_09_30/2011_09_30_drive_0027_sync/image_02/data/0000000574.png,0.047579,0.975571,1.776959
2011_09_30/2011_09_30_drive_0027_sync/image_02/data/0000001081.png,0.090851,0.986688,1.892048
2011_09_30/2011_09_30_drive_0027_sync/image_02/data/0000000041.png,0.068904,0.963385,2.986109
2011_09_30/2011_09_30_drive_0027_sync/image_02/data/0000000246.png,0.085880,0.985126,1.533086
2011_10_03/2011_10_03_drive_0027_sync/image_02/data/0000002906.png,0.095764,0.974547,2.383049
2011_10_03/2011_10_03_drive_0027_sync/image_02/data/0000002544.png,0.098350,0.965165,2.857721
2011_10_03/2011_10_03_drive_0027_sync/image_02/data/0000000362.png,0.088136,0.936094,3.022183
2011_10_03/2011_10_03_drive_0027_sync/image_02/data/0000004535.png,0.084387,0.988387,2.296581
2011_10_03/2011_10_03_drive_0027_sync/image_02/data/0000000734.png,0.164298,0.833186,3.070167
2011_10_03/2011_10_03_drive_0027_sync/image_02/data/0000001096.png,0.100123,0.875789,3.119583
2011_10_03/2011_10_03_drive_0027_sync/image_02/data/0000004173.png,0.060571,0.988498,2.112964
2011_10_03/2011_10_03_drive_0027_sync/image_02/data/0000000543.png,0.058415,0.974448,2.780778
2011_10_03/2011_10_03_drive_0027_sync/image_02/data/0000001277.png,0.103796,0.872270,3.444561
2011_10_03/2011_10_03_drive_0027_sync/image_02/data/0000004354.png,0.107059,0.942038,3.433227
2011_10_03/2011_10_03_drive_0027_sync/image_02/data/0000001458.png,0.072563,0.987874,2.083563
2011_10_03/2011_10_03_drive_0027_sync/image_02/data/0000001820.png,0.070650,0.918321,4.959648
2011_10_03/2011_10_03_drive_0027_sync/image_02/data/0000003449.png,0.045377,0.978689,2.299050
2011_10_03/2011_10_03_drive_0027_sync/image_02/data/0000003268.png,0.051030,0.998430,0.584429
2011_10_03/2011_10_03_drive_0027_sync/image_02/data/0000000915.png,0.071836,0.985727,2.263239
2011_10_03/2011_10_03_drive_0027_sync/image_02/data/0000002363.png,0.092871,0.959313,3.133920
2011_10_03/2011_10_03_drive_0027_sync/image_02/data/0000002725.png,0.088040,0.899982,2.968673
2011_10_03/2011_10_03_drive_0027_sync/image_02/data/0000000181.png,0.058008,0.983678,1.892804
2011_10_03/2011_10_03_drive_0027_sync/image_02/data/0000001639.png,0.078235,0.939564,2.782951
2011_10_03/2011_10_03_drive_0027_sync/image_02/data/0000003992.png,0.068112,0.978852,2.073827
2011_10_03/2011_10_03_drive_0027_sync/image_02/data/0000003087.png,0.075176,0.987734,2.345282
2011_10_03/2011_10_03_drive_0027_sync/image_02/data/0000002001.png,0.047943,0.980249,2.074941
2011_10_03/2011_10_03_drive_0027_sync/image_02/data/0000003811.png,0.091348,0.937901,3.262515
2011_10_03/2011_10_03_drive_0027_sync/image_02/data/0000003630.png,0.072035,0.969118,2.947977
2011_10_03/2011_10_03_drive_0047_sync/image_02/data/0000000096.png,0.115903,0.888278,2.805649
2011_10_03/2011_10_03_drive_0047_sync/image_02/data/0000000800.png,0.072084,0.964756,3.262530
2011_10_03/2011_10_03_drive_0047_sync/image_02/data/0000000320.png,0.124145,0.863281,2.338856
2011_10_03/2011_10_03_drive_0047_sync/image_02/data/0000000576.png,0.150290,0.695157,3.672024
2011_10_03/2011_10_03_drive_0047_sync/image_02/data/0000000480.png,0.150586,0.728681,4.598655
2011_10_03/2011_10_03_drive_0047_sync/image_02/data/0000000640.png,0.116949,0.870981,2.555761
2011_10_03/2011_10_03_drive_0047_sync/image_02/data/0000000032.png,0.136049,0.838113,4.041506
2011_10_03/2011_10_03_drive_0047_sync/image_02/data/0000000384.png,0.108496,0.914607,2.970834
2011_10_03/2011_10_03_drive_0047_sync/image_02/data/0000000160.png,0.088177,0.957886,3.446214
2011_10_03/2011_10_03_drive_0047_sync/image_02/data/0000000704.png,0.085253,0.936185,2.187866
2011_10_03/2011_10_03_drive_0047_sync/image_02/data/0000000736.png,0.134406,0.721792,3.956090
2011_10_03/2011_10_03_drive_0047_sync/image_02/data/0000000672.png,0.134596,0.801217,3.120426
2011_10_03/2011_10_03_drive_0047_sync/image_02/data/0000000064.png,0.150050,0.735780,4.100463
2011_10_03/2011_10_03_drive_0047_sync/image_02/data/0000000288.png,0.066025,0.967584,2.306854
2011_10_03/2011_10_03_drive_0047_sync/image_02/data/0000000352.png,0.078421,0.964504,2.873227
2011_10_03/2011_10_03_drive_0047_sync/image_02/data/0000000512.png,0.087371,0.947937,1.996512
2011_10_03/2011_10_03_drive_0047_sync/image_02/data/0000000544.png,0.154782,0.655585,3.275424
2011_10_03/2011_10_03_drive_0047_sync/image_02/data/0000000608.png,0.137635,0.736196,3.725522
2011_10_03/2011_10_03_drive_0047_sync/image_02/data/0000000128.png,0.120834,0.968560,2.756231
2011_10_03/2011_10_03_drive_0047_sync/image_02/data/0000000224.png,0.101018,0.956996,3.542875
2011_10_03/2011_10_03_drive_0047_sync/image_02/data/0000000416.png,0.090252,0.969424,4.218774
2011_10_03/2011_10_03_drive_0047_sync/image_02/data/0000000192.png,0.045920,0.990349,1.861483
2011_10_03/2011_10_03_drive_0047_sync/image_02/data/0000000448.png,0.091792,0.979165,2.717722
2011_10_03/2011_10_03_drive_0047_sync/image_02/data/0000000768.png,0.077717,0.973466,2.948109
